community_name,address,phone,email,contact_name,source,notes
Leland Management,"Stuart, FL",,,,Known HOA Manager,Known HOA management company in Treasure Coast area
CAM Services,"Stuart, FL",,,,Known HOA Manager,Known HOA management company in Treasure Coast area
Association Management,"Stuart, FL",,,,Known HOA Manager,Known HOA management company in Treasure Coast area
Community Association Management,"Stuart, FL",,,,Known HOA Manager,Known HOA management company in Treasure Coast area
Gulf Coast Management,"Stuart, FL",,,,Known HOA Manager,Known HOA management company in Treasure Coast area
Leland Management,"Jensen Beach, FL",,,,Known HOA Manager,Known HOA management company in Treasure Coast area
CAM Services,"Jensen Beach, FL",,,,Known HOA Manager,Known HOA management company in Treasure Coast area
Association Management,"Jensen Beach, FL",,,,Known HOA Manager,Known HOA management company in Treasure Coast area
Community Association Management,"Jensen Beach, FL",,,,Known HOA Manager,Known HOA management company in Treasure Coast area
Gulf Coast Management,"Jensen Beach, FL",,,,Known HOA Manager,Known HOA management company in Treasure Coast area
Leland Management,"Port St Lucie, FL",,,,Known HOA Manager,Known HOA management company in Treasure Coast area
CAM Services,"Port St Lucie, FL",,,,Known HOA Manager,Known HOA management company in Treasure Coast area
Association Management,"Port St Lucie, FL",,,,Known HOA Manager,Known HOA management company in Treasure Coast area
Community Association Management,"Port St Lucie, FL",,,,Known HOA Manager,Known HOA management company in Treasure Coast area
Gulf Coast Management,"Port St Lucie, FL",,,,Known HOA Manager,Known HOA management company in Treasure Coast area
Leland Management,"Vero Beach, FL",,,,Known HOA Manager,Known HOA management company in Treasure Coast area
CAM Services,"Vero Beach, FL",,,,Known HOA Manager,Known HOA management company in Treasure Coast area
Association Management,"Vero Beach, FL",,,,Known HOA Manager,Known HOA management company in Treasure Coast area
Community Association Management,"Vero Beach, FL",,,,Known HOA Manager,Known HOA management company in Treasure Coast area
Gulf Coast Management,"Vero Beach, FL",,,,Known HOA Manager,Known HOA management company in Treasure Coast area
Leland Management,"Fort Pierce, FL",,,,Known HOA Manager,Known HOA management company in Treasure Coast area
CAM Services,"Fort Pierce, FL",,,,Known HOA Manager,Known HOA management company in Treasure Coast area
Association Management,"Fort Pierce, FL",,,,Known HOA Manager,Known HOA management company in Treasure Coast area
Community Association Management,"Fort Pierce, FL",,,,Known HOA Manager,Known HOA management company in Treasure Coast area
Gulf Coast Management,"Fort Pierce, FL",,,,Known HOA Manager,Known HOA management company in Treasure Coast area
Leland Management,"Palm City, FL",,,,Known HOA Manager,Known HOA management company in Treasure Coast area
CAM Services,"Palm City, FL",,,,Known HOA Manager,Known HOA management company in Treasure Coast area
Association Management,"Palm City, FL",,,,Known HOA Manager,Known HOA management company in Treasure Coast area
Community Association Management,"Palm City, FL",,,,Known HOA Manager,Known HOA management company in Treasure Coast area
Gulf Coast Management,"Palm City, FL",,,,Known HOA Manager,Known HOA management company in Treasure Coast area
Leland Management,"Hobe Sound, FL",,,,Known HOA Manager,Known HOA management company in Treasure Coast area
CAM Services,"Hobe Sound, FL",,,,Known HOA Manager,Known HOA management company in Treasure Coast area
Association Management,"Hobe Sound, FL",,,,Known HOA Manager,Known HOA management company in Treasure Coast area
Community Association Management,"Hobe Sound, FL",,,,Known HOA Manager,Known HOA management company in Treasure Coast area
Gulf Coast Management,"Hobe Sound, FL",,,,Known HOA Manager,Known HOA management company in Treasure Coast area
Leland Management,"Sebastian, FL",,,,Known HOA Manager,Known HOA management company in Treasure Coast area
CAM Services,"Sebastian, FL",,,,Known HOA Manager,Known HOA management company in Treasure Coast area
Association Management,"Sebastian, FL",,,,Known HOA Manager,Known HOA management company in Treasure Coast area
Community Association Management,"Sebastian, FL",,,,Known HOA Manager,Known HOA management company in Treasure Coast area
Gulf Coast Management,"Sebastian, FL",,,,Known HOA Manager,Known HOA management company in Treasure Coast area
