name,phone,website,address,city,state,type,email
Driftwood Motel and Cottages,(772) 334-2237,https://www.driftwoodmoteljensen.com/,,Jensen Beach,FL,Hotel,DriftwoodJB@comcast.net
Park View Motel,(772) 260-5133,https://www.parkviewmoteljensenbeach.com/,,Jensen Beach,FL,Hotel,
Sandpiper Bay Resort,(772) 398-5100,https://www.sandpiperallinclusive.com/,,Port St Lucie,FL,Hotel,info@sandpiperbayresort.com
Port St Lucie RV Resort,(772) 337-3340,https://portstluciervresort.com/,,Port St Lucie,FL,Hotel,portstluciervresort@gmail.com
Old Colorado Inn,(772) 215-3437,https://www.oldcoloradoinn.com/,,Stuart,FL,Hotel,reservations@oldcoloradoinn.com
Villa VaNa Property Management,(561) 316-0475,https://www.villavanamanagement.com/,,Palm Beach,FL,Hotel,name@email.com
Skyrun Palm Beach,(719) 387-0886,https://skyrun.com/palm-beach/management/,,Palm Beach,FL,Hotel,palmbeachpremier@skyrun.com
iTrip Palm Beach,(850) 741-4715,https://www.itrip.net/property-management/palm-beach,,Palm Beach,FL,Hotel,palmbeach@itrip.net
Indian River Plantation,(772) 288-5451,https://discovermartin.com/directory/plantation-beach-club/,,Stuart,FL,Hotel,name@email.com
Embassy Suites,(800) 446-6677,https://www.hilton.com/en/locations/usa/florida/port-st-luci,,Port St Lucie,FL,Hotel,
Hilton Stuart,(800) 446-6677,https://www.hilton.com/en/locations/usa/florida/stuart/,,Stuart,FL,Hotel,
Hilton Garden Inn Stuart,(813) 289-2700,https://www.hilton.com/en/locations/usa/florida/stuart/hilto,,Stuart,FL,Hotel,
Best Western Downtown Stuart (Chamber),(877) 585-0085,https://discovermartin.com/directory/best-western-downtown-s,,Stuart,FL,Hotel,name@email.com
Hampton Inn Port St Lucie (Visit St Lucie),(772) 462-1539,https://visitstlucie.com/listing/hampton-inn-suites-port-st-,,Port St Lucie,FL,Hotel,tourism@stlucieco.org
Casa del Mar Motel,(386) 255-0415,https://www.daytonabeach.com/listings/casa-del-mar/259/,,Stuart,FL,Hotel,info@daytonabeach.com
Sheraton PGA Vacation Resort Port St Lucie,(772) 344-5500,https://www.marriott.com/en-us/hotels/pbisp-sheraton-pga-vacation-resort-port-saint-lucie/overview/,"8825 NW PGA Boulevard, Port St Lucie, FL 34986",Port St Lucie,FL,Hotel,
Voco Sandpiper Bay Resort,(772) 398-5100,https://www.ihg.com/voco/hotels/us/en/port-st-lucie/pslsb/ho,"9000 SW Lost River Road, Port St Lucie, FL 34986",Port St Lucie,FL,Hotel,
Fairfield Inn & Suites Port St Lucie,(772) 398-4000,https://www.marriott.com/en-us/hotels/jenps-residence-inn-port-st-lucie/overview/,"11505 US Highway 1, Port St Lucie, FL 34952",Port St Lucie,FL,Hotel,
Suburban Extended Stay Hotel Stuart,(772) 287-5430,https://www.choicehotels.com/florida/stuart/suburban-extended-stay-hotel,"5300 SE Federal Hwy, Stuart, FL 34997",Stuart,FL,Hotel,
Hampton Inn & Suites Jensen Beach,(772) 323-5000,https://www.hilton.com/en/hotels/psljei-hampton-inn-jensen-beach/,"4250 NW Ocean Blvd, Jensen Beach, FL 34957",Jensen Beach,FL,Hotel,
Marriott Hutchinson Island Beach Resort,(772) 225-1100,https://www.marriott.com/en-us/hotels/pbitl-towneplace-suites-hutchinson-island/overview/,"555 NE Ocean Blvd, Jensen Beach, FL 34957",Jensen Beach,FL,Hotel,
