Company Name,Type,Website,Email,Phone,Address,Metro
MD Squared Property Group,Property Manager,https://www.mdsquaredpropertygroup.com/,[email protected],212.518.2690,7 Penn Plaza Suite 601 New York NY 10001,NYC Metro
Citadel Property Management Corp,Property Manager,https://citadelnyc.com/,,646-654-0722,513 East 13th Street New York NY 10009,NYC Metro
Landlord Management NY,Property Manager,https://landlordmanagementny.com/,,(718)-540-7928,895 Fulton Street Suite 2 Brooklyn NY 11238,NYC Metro
Gallery KBNY,Contractor,https://gallerykbny.com/,,718.682.7769,,NYC Metro
West Village GC,Contractor,https://www.westvillagegc.com,,,,NYC Metro
Living New York (Living Management),Property Manager,https://www.livingny.com/management/,,,,NYC Metro
True Property Management,Property Manager,https://www.truemanagementnyc.com/,,,,NYC Metro
FirstService Residential,Property Manager,https://www.fsresidential.com/,,,,NYC Metro
Carollo Management,Property Manager,http://www.carollomanagement.com/,,,,NYC Metro
Brownstone Property Group,Property Manager,https://www.brownstonepropertygroup.com/,,,,NYC Metro
BJD Property Management,Property Manager,https://bjdpropertymanagement.com/,,,,NYC Metro
XL-RPM,Property Manager,https://www.xl-rpm.com/,,,,NYC Metro
HPM (Harlem Property Management),Property Manager,https://harlempm.com/,,,,NYC Metro
Essential Property Management,Property Manager,https://essential-propertymanagement.com/,,,,NYC Metro
Blue Hill Realty,Property Manager,https://www.bluehillrealty.com/,,,,NYC Metro
R.E.M. Residential,Property Manager,,,,,NYC Metro
Choice New York Management,Property Manager,,,,,NYC Metro
PMI New York City,Property Manager,https://www.newyorkcitypropertymanagementinc.com/,,,,NYC Metro
GFP Real Estate,Property Manager,https://www.gfpre.com/,,,,NYC Metro
NYC Management,Property Manager,https://www.nycmgmt.com/,,,,NYC Metro
Kaufman Organization,Property Manager,https://kaufmanorganization.com/,,,,NYC Metro
Lincoln Property Company,Property Manager,https://lpc.com/office/new-york-city/,,,,NYC Metro
Solstice Residential Group,Property Manager,https://solsticeus.com/,,,,NYC Metro
Sunrise Real Estate,Property Manager,https://sunriserealtyny.com/,,,,NYC Metro
448 Management,Property Manager,https://www.448management.com/,,,,NYC Metro
ProRealty USA,Property Manager,https://www.prorealtyusa.com/,,,,NYC Metro
Brooklyn Property Managers,Property Manager,https://www.brooklynpm.com/,,,,NYC Metro
Venture NY Property Management,Property Manager,,,,,NYC Metro
Crosstown Management,Property Manager,,,,,NYC Metro
Building Equity Management,Property Manager,,,,,NYC Metro
Wavecrest Management,Property Manager,,,,,NYC Metro
Foot Soldiers,Property Manager,,,,,NYC Metro
Richmond Property Management,Property Manager,https://richmondpm.com/,718-351-4013,,Staten Island NY,NYC Metro
EWC Property Management,Property Manager,https://ewcmgt.com/,718-980-3657,,1000 South Ave LL1 Staten Island NY 10309,NYC Metro
Dome Property Management,Property Manager,https://domegroup.com/,718.605.2500,718.605.2654,109 Winant Place Staten Island NY 10309,NYC Metro
Island Condo LLC,Property Manager,https://www.islandcondony.com/,,,,NYC Metro
CRM Management Services,Property Manager,https://crmmanagementny.com/,,,,NYC Metro
T W Finnerty Property Management,Property Manager,,,,,NYC Metro
Langsam Property Services,Property Manager,https://www.langsampropertyservices.com/,,,,NYC Metro
Arista Management,Property Manager,http://www.aristamgt.com/,,,,NYC Metro
Librett,Property Manager,https://librett.com/bronx-property-management,,,,NYC Metro
Building Management Associates,Property Manager,,,,,NYC Metro
Parkchester Property Management,Property Manager,http://www.parkchesterpropertymanagement.com/,,,,NYC Metro
Bronx Pro Group,Property Manager,https://bronxprogroup.com/,,,,NYC Metro
Corbel Property Management,Property Manager,https://www.corbelpm.com/,,,,NYC Metro
EBMG (Empire Builders Management Group),Property Manager,https://ebmg.com/,,,,NYC Metro
Gotham Property Management,Property Manager,,,,,NYC Metro
Grant Management Services,Property Manager,https://grantmanagementservices.com/propertymanagementqueens/,,,,NYC Metro
Think Construction,Contractor,,,,,NYC Metro
Structure Tone,Contractor,https://stobuildinggroup.com/structuretone-ny/,,,,NYC Metro
OZ General Contracting,Contractor,,,,,NYC Metro
Emiliano Construction,Contractor,,,,,NYC Metro
Renovation NY,Contractor,https://renovationny.com/,,,,NYC Metro
Gilbane Building Company,Contractor,,,,,NYC Metro
J.T. Magen & Company,Contractor,,,,,NYC Metro
LB General Construction,Contractor,,,,,NYC Metro
General Contractor NYC,Contractor,https://generalcontractornyc.net/,,,,NYC Metro
A to Z Renovations,Contractor,https://atozrenovationsny.com/,,,,NYC Metro
White Star General Contractors,Contractor,,,,,NYC Metro
Stitch Coterie,Contractor,,,,,NYC Metro
NYTDR (New York Total Damage Restoration),Contractor,,,,,NYC Metro
Brener Construction,Contractor,,,,,NYC Metro
Modern Citi Group,Contractor,,,,,NYC Metro
Aspiro Renovations,Contractor,,,,,NYC Metro
Hello Chapter,Contractor,https://www.hellochapter.com/,,,,NYC Metro
BDB Enterprise,Contractor,https://bdbenterprise.com/locations/manhattan/,,,,NYC Metro
NYKB,Contractor,https://www.nykb.com/,,,,NYC Metro
NYC Kitchen & Bath,Contractor,https://nyckandb.com/,,,,NYC Metro
Klein Kitchen & Bath,Contractor,https://kleinkitchenandbath.com/,,,,NYC Metro
MCKB (Manhattan Center for Kitchen & Bath),Contractor,https://mckb.com/,,,,NYC Metro
Mammoth NYC,Contractor,https://www.mammothnewyork.com/,,,,NYC Metro
Proper Contracting NY,Contractor,https://propercontractingny.com/,,,,NYC Metro
AWS Plumbing Heating & Cooling,Contractor,https://www.awsmechanical.com/areas-we-serve/new-york-city/,,(516) 217-2196,,NYC Metro
Maxwell Plumb,Contractor,https://www.maxwellplumb.com/,,,,NYC Metro
Maccarone Plumbing,Contractor,https://www.maccaroneplumbing.com/,,(516) 671-3232,,NYC Metro
Einstein's Plumbing & Heating,Contractor,https://www.einsteinsplumbing.com/,,,,NYC Metro
Aladdin Plumbing,Contractor,https://www.aladdinplumbingcorp.com/,,,,NYC Metro
Gaudioso Contracting,Contractor,https://gaudiosocontracting.com/,,,,NYC Metro
Essential Design-Build,Contractor,https://essentialny.com/,,,,NYC Metro
Paula McDonald Design-Build,Contractor,https://www.pmddllc.com/services/design-build/,,,,NYC Metro
Knockout Renovation,Contractor,https://knockoutrenovation.com/,,,,NYC Metro
Rockefeller Plumbing & Heating,Contractor,,,,,NYC Metro
North Pole Cooling Corp,Contractor,,,,,NYC Metro
Crisafulli Bros,Contractor,,,,,NYC Metro
Structure NYC,Contractor,https://www.structure-nyc.com/,,,,NYC Metro
King Rose,Contractor,https://www.kingroseny.com/,,,,NYC Metro
Greython,Contractor,https://greython.com/new-york-ny-general-contractor/,,,,NYC Metro
Vanguard Construction & Co,Contractor,https://vanguardcon.com/,,,,NYC Metro
Talisen Construction,Contractor,https://talisenconstructioncorp.com/,,,,NYC Metro
CooperBuild,Contractor,https://cooperbuild.com/,,,,NYC Metro
JAB Industries,Contractor,https://jabindustriesinc.com/,,,,NYC Metro
JRM Construction Management,Contractor,https://www.jrmcm.com/,,,,NYC Metro
Make Ready NYC,Contractor,https://www.makereadynyc.com/,,(917) 526-4943,,NYC Metro
NYC Painting Contractors,Contractor,https://nycpaintingcontractors.nyc/,,,,NYC Metro
Precision Flooring & Painting,Contractor,https://precisionflooringandpainting.com/,,,,NYC Metro
Built by CQ,Contractor,https://builtbycq.com/services/flooring-services-in-staten-island/,,,,NYC Metro
EDP Painting Company,Contractor,,,,,NYC Metro
NYC Contractors,Contractor,https://nycscontractor.com/services/,,,,NYC Metro
NY Coating Experts,Contractor,https://www.nycoatingexperts.com/,,,,NYC Metro
AhA! Interiors,Contractor,,,,,NYC Metro
NYC Property Management Inc,Property Manager,https://www.newyorkcitypropertymanagementinc.com/,,,,NYC Metro
Manhattan Skyline Management Corp,Property Manager,,,,,NYC Metro
Sweeten,Contractor,https://sweeten.com/ny/new-york-city-general-contractors/,,,,NYC Metro
HomeAdvisor,Contractor,https://www.homeadvisor.com/c.Manhattan.NY.html,,,,NYC Metro
Houzz,Contractor,https://www.houzz.com/professionals/general-contractor/new-york-city-ny-us-probr0-bo~t_11786~r_5128581,,,,NYC Metro
Expertise.com,Contractor,https://www.expertise.com/home-improvement/remodeling/new-york/nyc,,,,NYC Metro
BelongHome,Property Manager,https://belonghome.com/blog/top-property-management-companies-in-new-york-city,,,,NYC Metro
NYBits,Property Manager,https://www.nybits.com/managers/residential_property_managers.html,,,,NYC Metro
iPropertyManagement,Property Manager,https://ipropertymanagement.com/companies/new-york-city-ny,,,,NYC Metro
Clutch.co,Contractor,https://clutch.co/real-estate/commercial-development/general-contracting/new-york,,,,NYC Metro
ManageMyProperty,Property Manager,https://www.managemyproperty.com/,,,,NYC Metro
DownToBid,Contractor,https://downtobid.com/,,,,NYC Metro
HeatingHelp,Contractor,https://heatinghelp.com/find-a-contractor/state/NY/,,,,NYC Metro
Yelp - Property Management NYC,Property Manager,https://www.yelp.com/search?cflt=propertymgmt&find_loc=New+York,+NY,,,,NYC Metro
Yelp - Contractors NYC,Contractor,https://www.yelp.com/search?cflt=contractors&find_loc=Manhattan,+NY,,,,NYC Metro
AllPropertyManagement,Property Manager,https://www.allpropertymanagement.com/property-management/ny/queens-village/,,,,NYC Metro
FinancialContent,Property Manager,https://markets.financialcontent.com/,,,,NYC Metro
Sichamber,Property Manager,https://web.sichamber.com/,,,,NYC Metro
IndustryOversight,Property Manager,https://industryoversight.com/,,,,NYC Metro
Bridgit,Contractor,https://gobridgit.com/blog/top-construction-companies-in-nyc/,,,,NYC Metro
NYC.gov - Renovating Kitchens & Bathrooms,Contractor,https://www.nyc.gov/site/buildings/property-or-business-owner/renovating-kitchens-bathrooms.page,,,,NYC Metro
AMNY,Contractor,https://www.amny.com/business-finance/nyc-home-improvement-contractors-home-pros/,,,,NYC Metro
Brownstoner,Contractor,,,,,NYC Metro
MyHomeUS,Contractor,https://www.myhomeus.com/blog/home-improvement-contractor-vs-general-contractor-nyc/,,,,NYC Metro
