community_name,address,phone,email,contact_name,city,state,source,search_query,notes
Last-Mile Delivery Platform,,,,,Stuart,FL,https://stuart.com/,Stuart Florida HOA community,"Partner with Stuart's delivery platform and discover our online solution for last-mile delivery services to meet your business needs. Join over 25,000 clients who trust Stuart."
Stuart • Livraison Jour J ou J+1 à la demande,,,,,Stuart,FL,https://stuart.com/fr/,Stuart Florida HOA community,"Partenaires de la plateforme Recommandé pour les entreprises de toutes tailles à la recherche d’une intégration partenaire transparente. Stuart s’adapte à plus de 75 partenaires logiciels, ce qui faci"
Stuart • Coursier express,,,,,Stuart,FL,https://stuart.com/fr/societe-coursier/,Stuart Florida HOA community,"Grâce à la technologie de suivi en temps réel de Stuart, vous attendez calmement votre pli. Tout en poursuivant votre travail, suivez précisément le trajet de votre coursier sur notre interface conviv"
Stuart • Découvrez notre offre de livraison ship from store,,,,,Stuart,FL,https://stuart.com/fr/ship-from-store/,Stuart Florida HOA community,Grâce à notre collaboration avec Stuart nous facilitons les courses de proximité. Nos clients commandent en ligne depuis notre site dédié et se font livrer en moins d’une heure sur le lieu de leur …
Stuart • Livraison express pour la distribution alimentaire,,,,,Stuart,FL,https://stuart.com/fr/livraison-distribution-alimentaire/,Stuart Florida HOA community,"Stuart vous permet d'optimiser vos opérations sur le dernier kilomètre - via la livraison en une heure, ou à la demande sur créneaux courts."
Stuart • Une logistique pour un monde durable,,,,,Stuart,FL,https://stuart.com/fr/a-propos/,Stuart Florida HOA community,"Stuart est le leader européen de la livraison à la demande. Notre plateforme permet aux entreprises, tous secteurs confondus, de livrer leurs clients avec une rapidité et une efficacité sans précédent"
Stuart • Dostawa dla biznesu,,,,,Stuart,FL,https://stuart.com/pl/,Stuart Florida HOA community,Stuart współpracuje z ponad 75 dostawcami oprogramowania. Dzięki temu można łatwo połączyć platformę dostaw ze swoją stroną internetową i uruchomić własny kanał dostaw.
Join 1000+ businesses using Stuart for their deliveries,,,,,Stuart,FL,https://stuart.com/clients/,Stuart Florida HOA community,"Stuart helps over 6,000 businesses with their deliveries. Join the likes of Coop, BrewDog and Abercrombie & Fitch Co., where Stuart provide their customers with a seamless delivery experience."
Devenir coursier,,,,,Stuart,FL,https://couriers.stuart.com/fr/devenir-coursier/,Stuart Florida HOA community,Que fait Stuart ? Nous connectons les entreprises - commerçants et e-commerçants - à une flotte de coursiers géolocalisés pour accélérer le transport des marchandises en milieu urbain.
Stuart • Messagerie d'entreprise,,,,,Stuart,FL,https://stuart.com/fr/livraison-messagerie/,Stuart Florida HOA community,"Inscrivez-vous en deux clics et découvrez l'interface web intuitive de Stuart, sans configuration, ni intégration technique requise. Votre équipe informatique va adorer !"
Homepage,,,,,Sebastian,FL,https://www.sebastianprofessional.com/en-US,Sebastian Florida HOA,"Discover fearless hair innovation with Sebastian Professional. Explore salon-grade products, styling tutorials, and creative inspiration here."
"Meaning, origin and history of the name Sebastian",,,,,Sebastian,FL,https://www.behindthename.com/name/sebastian,Sebastian Florida HOA,"Jul 18, 2025 · From the Latin name Sebastianus, which meant ""from Sebaste"". Sebaste was the name of a city in Asia Minor, its name deriving from Greek σεβαστός (sebastos) meaning ""venerable"" (a …"
Sebastian,,,,,Sebastian,FL,https://www.babycenter.com/baby-names/details/sebastian-4046,Sebastian Florida HOA,"Mar 2, 2026 · The name Sebastian has a long history, beginning in third-century Rome. The name means ""venerable"" or ""revered"" and comes from the Latin name Sebastianus, which means ""from …"
"Sebastian Name Meaning, Origin, Popularity, Boy Names Like Sebastian ...",,,,,Sebastian,FL,https://www.mamanatural.com/baby-names/boys/sebastian/,Sebastian Florida HOA,"Sebastian is a Greek name derived from sebastos, meaning “venerable” or “honorable.” The name is also linked to the Latin Sebastianus, meaning “from Sebaste.” Sebastian is a refined choice among …"
"Sebastian Name Meaning: Origin, Popularity & Nicknames",,,,,Sebastian,FL,https://momlovesbest.com/sebastian-name-meaning,Sebastian Florida HOA,"Dec 12, 2025 · Learn about the name Sebastian including the meaning, gender, origin, popularity, and more."
