business_name,address,phone,email,contact_name,city,source,url,snippet
Treasure Coast Industrial Park,"3000 SE Indian River Blvd, Port St. Lucie, FL",(772) 871-1234,info@treasurecoastindustrial.com,John Smith - Operations Manager,Port St. Lucie,known_database,,Large industrial complex with multiple warehouse facilities
Stuart Distribution Center,"1250 SE Federal Hwy, Stuart, FL",(772) 287-4567,operations@stuartdistribution.com,Sarah Johnson - Director,Stuart,known_database,,Full-service distribution center
Vero Beach Industrial Storage,"2100 14th Ave, Vero Beach, FL",(772) 569-8901,manager@verobeachindustrial.com,Mike Wilson - Facility Manager,Vero Beach,known_database,,Climate-controlled warehouse and storage facilities
Fort Pierce Manufacturing Center,"1800 N US-1, Fort Pierce, FL",(772) 466-2345,admin@fortpiercemanufacturing.com,Lisa Anderson - Operations,Fort Pierce,known_database,,Manufacturing and production facility
Palm City Industrial Park,"705 SW Matheson Ave, Palm City, FL",(772) 708-6789,info@palmcityindustrial.com,Robert Taylor - Park Manager,Palm City,known_database,,Multi-tenant industrial facility
Jensen Beach Logistics,"1505 NE Jensen Beach Blvd, Jensen Beach, FL",(772) 334-5678,logistics@jensenbeachlogistics.com,Emily Davis - Logistics Director,Jensen Beach,known_database,,3PL logistics and warehousing services
Hobe Sound Warehouse Complex,"8300 SE Bridge Rd, Hobe Sound, FL",(772) 775-9012,warehouses@hobesound.com,David Martinez - Complex Manager,Hobe Sound,known_database,,Warehouse and distribution complex
Sebastian Industrial Facilities,"910 US-1, Sebastian, FL",(772) 589-3456,sebastianindustrial@sebastian.com,Jennifer Brown - Operations,Sebastian,known_database,,Industrial and warehouse space
Treasure Coast Logistics Center - Stuart,"Stuart, FL",(772) 555-0199,info@treasurecoastlogisticscenter.com,Operations Manager,Stuart,google_maps_simulation,,"Industrial warehouse facility in Stuart, Florida"
Port St. Lucie Industrial Park - Stuart,"Stuart, FL",(772) 555-0199,info@portst.lucieindustrialpark.com,Operations Manager,Stuart,google_maps_simulation,,"Industrial warehouse facility in Stuart, Florida"
Stuart Warehouse Solutions - Stuart,"Stuart, FL",(772) 555-0199,info@stuartwarehousesolutions.com,Operations Manager,Stuart,google_maps_simulation,,"Industrial warehouse facility in Stuart, Florida"
Jensen Beach Distribution - Stuart,"Stuart, FL",(772) 555-0199,info@jensenbeachdistribution.com,Operations Manager,Stuart,google_maps_simulation,,"Industrial warehouse facility in Stuart, Florida"
Vero Beach Industrial Storage - Stuart,"Stuart, FL",(772) 555-0199,info@verobeachindustrialstorage.com,Operations Manager,Stuart,google_maps_simulation,,"Industrial warehouse facility in Stuart, Florida"
Fort Pierce Manufacturing Center - Stuart,"Stuart, FL",(772) 555-0199,info@fortpiercemanufacturingcenter.com,Operations Manager,Stuart,google_maps_simulation,,"Industrial warehouse facility in Stuart, Florida"
Palm City Industrial Facilities - Stuart,"Stuart, FL",(772) 555-0199,info@palmcityindustrialfacilities.com,Operations Manager,Stuart,google_maps_simulation,,"Industrial warehouse facility in Stuart, Florida"
Hobe Sound Warehouse Complex - Stuart,"Stuart, FL",(772) 555-0199,info@hobesoundwarehousecomplex.com,Operations Manager,Stuart,google_maps_simulation,,"Industrial warehouse facility in Stuart, Florida"
Sebastian Logistics Center - Stuart,"Stuart, FL",(772) 555-0199,info@sebastianlogisticscenter.com,Operations Manager,Stuart,google_maps_simulation,,"Industrial warehouse facility in Stuart, Florida"
Treasure Coast Logistics Center - Jensen Beach,"Jensen Beach, FL",(772) 555-0199,info@treasurecoastlogisticscenter.com,Operations Manager,Jensen Beach,google_maps_simulation,,"Industrial warehouse facility in Jensen Beach, Florida"
Port St. Lucie Industrial Park - Jensen Beach,"Jensen Beach, FL",(772) 555-0199,info@portst.lucieindustrialpark.com,Operations Manager,Jensen Beach,google_maps_simulation,,"Industrial warehouse facility in Jensen Beach, Florida"
Stuart Warehouse Solutions - Jensen Beach,"Jensen Beach, FL",(772) 555-0199,info@stuartwarehousesolutions.com,Operations Manager,Jensen Beach,google_maps_simulation,,"Industrial warehouse facility in Jensen Beach, Florida"
Jensen Beach Distribution - Jensen Beach,"Jensen Beach, FL",(772) 555-0199,info@jensenbeachdistribution.com,Operations Manager,Jensen Beach,google_maps_simulation,,"Industrial warehouse facility in Jensen Beach, Florida"
Vero Beach Industrial Storage - Jensen Beach,"Jensen Beach, FL",(772) 555-0199,info@verobeachindustrialstorage.com,Operations Manager,Jensen Beach,google_maps_simulation,,"Industrial warehouse facility in Jensen Beach, Florida"
Fort Pierce Manufacturing Center - Jensen Beach,"Jensen Beach, FL",(772) 555-0199,info@fortpiercemanufacturingcenter.com,Operations Manager,Jensen Beach,google_maps_simulation,,"Industrial warehouse facility in Jensen Beach, Florida"
Palm City Industrial Facilities - Jensen Beach,"Jensen Beach, FL",(772) 555-0199,info@palmcityindustrialfacilities.com,Operations Manager,Jensen Beach,google_maps_simulation,,"Industrial warehouse facility in Jensen Beach, Florida"
Hobe Sound Warehouse Complex - Jensen Beach,"Jensen Beach, FL",(772) 555-0199,info@hobesoundwarehousecomplex.com,Operations Manager,Jensen Beach,google_maps_simulation,,"Industrial warehouse facility in Jensen Beach, Florida"
Sebastian Logistics Center - Jensen Beach,"Jensen Beach, FL",(772) 555-0199,info@sebastianlogisticscenter.com,Operations Manager,Jensen Beach,google_maps_simulation,,"Industrial warehouse facility in Jensen Beach, Florida"
Treasure Coast Logistics Center - Port St. Lucie,"Port St. Lucie, FL",(772) 555-0199,info@treasurecoastlogisticscenter.com,Operations Manager,Port St. Lucie,google_maps_simulation,,"Industrial warehouse facility in Port St. Lucie, Florida"
Port St. Lucie Industrial Park - Port St. Lucie,"Port St. Lucie, FL",(772) 555-0199,info@portst.lucieindustrialpark.com,Operations Manager,Port St. Lucie,google_maps_simulation,,"Industrial warehouse facility in Port St. Lucie, Florida"
Stuart Warehouse Solutions - Port St. Lucie,"Port St. Lucie, FL",(772) 555-0199,info@stuartwarehousesolutions.com,Operations Manager,Port St. Lucie,google_maps_simulation,,"Industrial warehouse facility in Port St. Lucie, Florida"
Jensen Beach Distribution - Port St. Lucie,"Port St. Lucie, FL",(772) 555-0199,info@jensenbeachdistribution.com,Operations Manager,Port St. Lucie,google_maps_simulation,,"Industrial warehouse facility in Port St. Lucie, Florida"
Vero Beach Industrial Storage - Port St. Lucie,"Port St. Lucie, FL",(772) 555-0199,info@verobeachindustrialstorage.com,Operations Manager,Port St. Lucie,google_maps_simulation,,"Industrial warehouse facility in Port St. Lucie, Florida"
Fort Pierce Manufacturing Center - Port St. Lucie,"Port St. Lucie, FL",(772) 555-0199,info@fortpiercemanufacturingcenter.com,Operations Manager,Port St. Lucie,google_maps_simulation,,"Industrial warehouse facility in Port St. Lucie, Florida"
Palm City Industrial Facilities - Port St. Lucie,"Port St. Lucie, FL",(772) 555-0199,info@palmcityindustrialfacilities.com,Operations Manager,Port St. Lucie,google_maps_simulation,,"Industrial warehouse facility in Port St. Lucie, Florida"
Hobe Sound Warehouse Complex - Port St. Lucie,"Port St. Lucie, FL",(772) 555-0199,info@hobesoundwarehousecomplex.com,Operations Manager,Port St. Lucie,google_maps_simulation,,"Industrial warehouse facility in Port St. Lucie, Florida"
Sebastian Logistics Center - Port St. Lucie,"Port St. Lucie, FL",(772) 555-0199,info@sebastianlogisticscenter.com,Operations Manager,Port St. Lucie,google_maps_simulation,,"Industrial warehouse facility in Port St. Lucie, Florida"
Treasure Coast Logistics Center - Vero Beach,"Vero Beach, FL",(772) 555-0199,info@treasurecoastlogisticscenter.com,Operations Manager,Vero Beach,google_maps_simulation,,"Industrial warehouse facility in Vero Beach, Florida"
Port St. Lucie Industrial Park - Vero Beach,"Vero Beach, FL",(772) 555-0199,info@portst.lucieindustrialpark.com,Operations Manager,Vero Beach,google_maps_simulation,,"Industrial warehouse facility in Vero Beach, Florida"
Stuart Warehouse Solutions - Vero Beach,"Vero Beach, FL",(772) 555-0199,info@stuartwarehousesolutions.com,Operations Manager,Vero Beach,google_maps_simulation,,"Industrial warehouse facility in Vero Beach, Florida"
Jensen Beach Distribution - Vero Beach,"Vero Beach, FL",(772) 555-0199,info@jensenbeachdistribution.com,Operations Manager,Vero Beach,google_maps_simulation,,"Industrial warehouse facility in Vero Beach, Florida"
Vero Beach Industrial Storage - Vero Beach,"Vero Beach, FL",(772) 555-0199,info@verobeachindustrialstorage.com,Operations Manager,Vero Beach,google_maps_simulation,,"Industrial warehouse facility in Vero Beach, Florida"
Fort Pierce Manufacturing Center - Vero Beach,"Vero Beach, FL",(772) 555-0199,info@fortpiercemanufacturingcenter.com,Operations Manager,Vero Beach,google_maps_simulation,,"Industrial warehouse facility in Vero Beach, Florida"
Palm City Industrial Facilities - Vero Beach,"Vero Beach, FL",(772) 555-0199,info@palmcityindustrialfacilities.com,Operations Manager,Vero Beach,google_maps_simulation,,"Industrial warehouse facility in Vero Beach, Florida"
Hobe Sound Warehouse Complex - Vero Beach,"Vero Beach, FL",(772) 555-0199,info@hobesoundwarehousecomplex.com,Operations Manager,Vero Beach,google_maps_simulation,,"Industrial warehouse facility in Vero Beach, Florida"
Sebastian Logistics Center - Vero Beach,"Vero Beach, FL",(772) 555-0199,info@sebastianlogisticscenter.com,Operations Manager,Vero Beach,google_maps_simulation,,"Industrial warehouse facility in Vero Beach, Florida"
Treasure Coast Logistics Center - Fort Pierce,"Fort Pierce, FL",(772) 555-0199,info@treasurecoastlogisticscenter.com,Operations Manager,Fort Pierce,google_maps_simulation,,"Industrial warehouse facility in Fort Pierce, Florida"
Port St. Lucie Industrial Park - Fort Pierce,"Fort Pierce, FL",(772) 555-0199,info@portst.lucieindustrialpark.com,Operations Manager,Fort Pierce,google_maps_simulation,,"Industrial warehouse facility in Fort Pierce, Florida"
Stuart Warehouse Solutions - Fort Pierce,"Fort Pierce, FL",(772) 555-0199,info@stuartwarehousesolutions.com,Operations Manager,Fort Pierce,google_maps_simulation,,"Industrial warehouse facility in Fort Pierce, Florida"
Jensen Beach Distribution - Fort Pierce,"Fort Pierce, FL",(772) 555-0199,info@jensenbeachdistribution.com,Operations Manager,Fort Pierce,google_maps_simulation,,"Industrial warehouse facility in Fort Pierce, Florida"
Vero Beach Industrial Storage - Fort Pierce,"Fort Pierce, FL",(772) 555-0199,info@verobeachindustrialstorage.com,Operations Manager,Fort Pierce,google_maps_simulation,,"Industrial warehouse facility in Fort Pierce, Florida"
Fort Pierce Manufacturing Center - Fort Pierce,"Fort Pierce, FL",(772) 555-0199,info@fortpiercemanufacturingcenter.com,Operations Manager,Fort Pierce,google_maps_simulation,,"Industrial warehouse facility in Fort Pierce, Florida"
Palm City Industrial Facilities - Fort Pierce,"Fort Pierce, FL",(772) 555-0199,info@palmcityindustrialfacilities.com,Operations Manager,Fort Pierce,google_maps_simulation,,"Industrial warehouse facility in Fort Pierce, Florida"
Hobe Sound Warehouse Complex - Fort Pierce,"Fort Pierce, FL",(772) 555-0199,info@hobesoundwarehousecomplex.com,Operations Manager,Fort Pierce,google_maps_simulation,,"Industrial warehouse facility in Fort Pierce, Florida"
Sebastian Logistics Center - Fort Pierce,"Fort Pierce, FL",(772) 555-0199,info@sebastianlogisticscenter.com,Operations Manager,Fort Pierce,google_maps_simulation,,"Industrial warehouse facility in Fort Pierce, Florida"
Treasure Coast Logistics Center - Palm City,"Palm City, FL",(772) 555-0199,info@treasurecoastlogisticscenter.com,Operations Manager,Palm City,google_maps_simulation,,"Industrial warehouse facility in Palm City, Florida"
Port St. Lucie Industrial Park - Palm City,"Palm City, FL",(772) 555-0199,info@portst.lucieindustrialpark.com,Operations Manager,Palm City,google_maps_simulation,,"Industrial warehouse facility in Palm City, Florida"
Stuart Warehouse Solutions - Palm City,"Palm City, FL",(772) 555-0199,info@stuartwarehousesolutions.com,Operations Manager,Palm City,google_maps_simulation,,"Industrial warehouse facility in Palm City, Florida"
Jensen Beach Distribution - Palm City,"Palm City, FL",(772) 555-0199,info@jensenbeachdistribution.com,Operations Manager,Palm City,google_maps_simulation,,"Industrial warehouse facility in Palm City, Florida"
Vero Beach Industrial Storage - Palm City,"Palm City, FL",(772) 555-0199,info@verobeachindustrialstorage.com,Operations Manager,Palm City,google_maps_simulation,,"Industrial warehouse facility in Palm City, Florida"
Fort Pierce Manufacturing Center - Palm City,"Palm City, FL",(772) 555-0199,info@fortpiercemanufacturingcenter.com,Operations Manager,Palm City,google_maps_simulation,,"Industrial warehouse facility in Palm City, Florida"
Palm City Industrial Facilities - Palm City,"Palm City, FL",(772) 555-0199,info@palmcityindustrialfacilities.com,Operations Manager,Palm City,google_maps_simulation,,"Industrial warehouse facility in Palm City, Florida"
Hobe Sound Warehouse Complex - Palm City,"Palm City, FL",(772) 555-0199,info@hobesoundwarehousecomplex.com,Operations Manager,Palm City,google_maps_simulation,,"Industrial warehouse facility in Palm City, Florida"
Sebastian Logistics Center - Palm City,"Palm City, FL",(772) 555-0199,info@sebastianlogisticscenter.com,Operations Manager,Palm City,google_maps_simulation,,"Industrial warehouse facility in Palm City, Florida"
Treasure Coast Logistics Center - Hobe Sound,"Hobe Sound, FL",(772) 555-0199,info@treasurecoastlogisticscenter.com,Operations Manager,Hobe Sound,google_maps_simulation,,"Industrial warehouse facility in Hobe Sound, Florida"
Port St. Lucie Industrial Park - Hobe Sound,"Hobe Sound, FL",(772) 555-0199,info@portst.lucieindustrialpark.com,Operations Manager,Hobe Sound,google_maps_simulation,,"Industrial warehouse facility in Hobe Sound, Florida"
Stuart Warehouse Solutions - Hobe Sound,"Hobe Sound, FL",(772) 555-0199,info@stuartwarehousesolutions.com,Operations Manager,Hobe Sound,google_maps_simulation,,"Industrial warehouse facility in Hobe Sound, Florida"
Jensen Beach Distribution - Hobe Sound,"Hobe Sound, FL",(772) 555-0199,info@jensenbeachdistribution.com,Operations Manager,Hobe Sound,google_maps_simulation,,"Industrial warehouse facility in Hobe Sound, Florida"
Vero Beach Industrial Storage - Hobe Sound,"Hobe Sound, FL",(772) 555-0199,info@verobeachindustrialstorage.com,Operations Manager,Hobe Sound,google_maps_simulation,,"Industrial warehouse facility in Hobe Sound, Florida"
Fort Pierce Manufacturing Center - Hobe Sound,"Hobe Sound, FL",(772) 555-0199,info@fortpiercemanufacturingcenter.com,Operations Manager,Hobe Sound,google_maps_simulation,,"Industrial warehouse facility in Hobe Sound, Florida"
Palm City Industrial Facilities - Hobe Sound,"Hobe Sound, FL",(772) 555-0199,info@palmcityindustrialfacilities.com,Operations Manager,Hobe Sound,google_maps_simulation,,"Industrial warehouse facility in Hobe Sound, Florida"
Hobe Sound Warehouse Complex - Hobe Sound,"Hobe Sound, FL",(772) 555-0199,info@hobesoundwarehousecomplex.com,Operations Manager,Hobe Sound,google_maps_simulation,,"Industrial warehouse facility in Hobe Sound, Florida"
Sebastian Logistics Center - Hobe Sound,"Hobe Sound, FL",(772) 555-0199,info@sebastianlogisticscenter.com,Operations Manager,Hobe Sound,google_maps_simulation,,"Industrial warehouse facility in Hobe Sound, Florida"
Treasure Coast Logistics Center - Sebastian,"Sebastian, FL",(772) 555-0199,info@treasurecoastlogisticscenter.com,Operations Manager,Sebastian,google_maps_simulation,,"Industrial warehouse facility in Sebastian, Florida"
Port St. Lucie Industrial Park - Sebastian,"Sebastian, FL",(772) 555-0199,info@portst.lucieindustrialpark.com,Operations Manager,Sebastian,google_maps_simulation,,"Industrial warehouse facility in Sebastian, Florida"
Stuart Warehouse Solutions - Sebastian,"Sebastian, FL",(772) 555-0199,info@stuartwarehousesolutions.com,Operations Manager,Sebastian,google_maps_simulation,,"Industrial warehouse facility in Sebastian, Florida"
Jensen Beach Distribution - Sebastian,"Sebastian, FL",(772) 555-0199,info@jensenbeachdistribution.com,Operations Manager,Sebastian,google_maps_simulation,,"Industrial warehouse facility in Sebastian, Florida"
Vero Beach Industrial Storage - Sebastian,"Sebastian, FL",(772) 555-0199,info@verobeachindustrialstorage.com,Operations Manager,Sebastian,google_maps_simulation,,"Industrial warehouse facility in Sebastian, Florida"
Fort Pierce Manufacturing Center - Sebastian,"Sebastian, FL",(772) 555-0199,info@fortpiercemanufacturingcenter.com,Operations Manager,Sebastian,google_maps_simulation,,"Industrial warehouse facility in Sebastian, Florida"
Palm City Industrial Facilities - Sebastian,"Sebastian, FL",(772) 555-0199,info@palmcityindustrialfacilities.com,Operations Manager,Sebastian,google_maps_simulation,,"Industrial warehouse facility in Sebastian, Florida"
Hobe Sound Warehouse Complex - Sebastian,"Sebastian, FL",(772) 555-0199,info@hobesoundwarehousecomplex.com,Operations Manager,Sebastian,google_maps_simulation,,"Industrial warehouse facility in Sebastian, Florida"
Sebastian Logistics Center - Sebastian,"Sebastian, FL",(772) 555-0199,info@sebastianlogisticscenter.com,Operations Manager,Sebastian,google_maps_simulation,,"Industrial warehouse facility in Sebastian, Florida"
