business_name,phone,email,website,city,category,source,priority,outreach_method,notes,is_homeowner_request,has_contact_info
OX Floor Coatings,855-968-4191,help@oxfloors.com,https://oxfloors.com,Stuart,Floor Coatings,Facebook Warm Referral,HIGH,Phone call + email,Floor coatings specialist with phone and email,False,855-968-4191
CJ Epoxy & Advanced Floor Coatings,772-800-2900,cjepoxyflorida@gmail.com,https://www.facebook.com/cjepoxygargefloors/,Vero Beach,Epoxy Coatings,Facebook Warm Referral,HIGH,Phone call + email,Epoxy coatings specialist with phone and email,False,772-800-2900
Kitchen Remodeler Request - Reddit,,https://www.reddit.com/r/PortStLucie/comments/1ilm4hz/kitchen_remodeler/,Port St Lucie,Warm Referral - Homeowner Request,Reddit Direct Request,HIGH,Reddit comment,Active homeowner seeking kitchen remodeler/cabinet hanger,,False,https://www.reddit.com/r/PortStLucie/comments/1ilm4hz/kitchen_remodeler/
Bathroom Remodel GC Request - Reddit,,https://www.reddit.com/r/PortStLucie/comments/1h985qw/bathroom_remodel_gc_recommendations/,Port St Lucie,Warm Referral - Homeowner Request,Reddit Direct Request,HIGH,Reddit comment,Homeowner looking to hire Florida contractor for bathroom project,,False,https://www.reddit.com/r/PortStLucie/comments/1h985qw/bathroom_remodel_gc_recommendations/
Handyman Request - Reddit,,https://www.reddit.com/r/PortStLucie/comments/1jcv4ua/handyman_organizer_recommendations/,Vero Beach,Warm Referral - Homeowner Request,Reddit Direct Request,HIGH,Reddit comment,Handyman and organizer recommendations in Vero Beach,,False,https://www.reddit.com/r/PortStLucie/comments/1jcv4ua/handyman_organizer_recommendations/
Sanders Screening and Repair Inc,772-238-6754,,Stuart,Warm Referral - Screen Repair,Nextdoor Neighbor Recommendation,HIGH,Phone call,Neighbor-recommended screen repair service,,False,772-238-6754
Entry Point of The Treasure Coast,772-463-6500,,Stuart,Warm Referral - Door Replacement,Nextdoor Neighbor Recommendation,HIGH,Phone call,Neighbor-recommended door replacement service,,False,772-463-6500
South Stuart Remodeler,772-200-8480,,Stuart,Warm Referral - General Remodeling,Nextdoor Neighbor Recommendation,HIGH,Phone call,Neighbor-recommended general remodeling contractor,,False,772-200-8480
KG Concrete & Development,,https://nextdoor.com/pages/kg-concrete-development-port-st-lucie-fl/,Port St Lucie,Warm Referral - Neighbor Recommended,Nextdoor Neighbor Recommendation,MEDIUM,Nextdoor message/website,13 FAVES from neighbors - high-quality concrete work,,False,https://nextdoor.com/pages/kg-concrete-development-port-st-lucie-fl/
Grande Construction Inc,,https://nextdoor.com/pages/grande-construction-port-st-lucie-fl/,Port St Lucie,Warm Referral - Neighbor Recommended,Nextdoor Neighbor Recommendation,MEDIUM,Nextdoor message/website,Meticulous and detail-oriented general contractors,,False,https://nextdoor.com/pages/grande-construction-port-st-lucie-fl/
